Order,Area,Mean,Min,Max,X,Y,name_file
1,0.046,89.400,9,179,20.096,3.332,phen0906_b1.csv
2,0.043,108.357,11,212,39.090,6.016,phen0906_b1.csv
3,0.043,77.714,8,182,34.080,6.650,phen0906_b1.csv
4,0.037,103.167,7,215,21.407,6.885,phen0906_b1.csv
5,0.043,52.143,0,201,4.036,7.497,phen0906_b1.csv
6,0.043,52.571,0,167,33.435,8.705,phen0906_b1.csv
7,0.049,99.938,1,211,18.804,9.353,phen0906_b1.csv
8,0.037,88.500,6,192,13.820,10.115,phen0906_b1.csv
9,0.040,114.231,15,213,10.580,11.838,phen0906_b1.csv
10,0.034,93.909,7,210,8.385,12.095,phen0906_b1.csv
11,0.040,87.923,0,193,24.804,13.237,phen0906_b1.csv
12,0.043,105.500,0,213,4.749,13.600,phen0906_b1.csv
13,0.043,95.714,4,218,26.892,13.557,phen0906_b1.csv
14,0.049,82.875,3,209,1.830,14.541,phen0906_b1.csv
15,0.043,48.429,0,198,29.748,14.527,phen0906_b1.csv
16,0.049,80.062,0,207,4.637,15.504,phen0906_b1.csv
17,0.043,42.714,2,193,36.381,15.648,phen0906_b1.csv
18,0.040,59.692,0,205,11.574,15.766,phen0906_b1.csv
19,0.031,95.300,2,210,13.574,15.897,phen0906_b1.csv
20,0.046,85.467,1,206,35.130,16.119,phen0906_b1.csv
21,0.034,88.000,6,198,2.054,16.647,phen0906_b1.csv
22,0.037,140.167,16,218,8.493,17.096,phen0906_b1.csv
23,0.034,28.636,1,189,15.815,17.085,phen0906_b1.csv
24,0.046,79.133,1,209,30.465,17.490,phen0906_b1.csv
25,0.040,96.769,4,213,2.203,17.677,phen0906_b1.csv
26,0.034,79.727,0,214,8.562,17.746,phen0906_b1.csv
27,0.037,44.333,0,213,34.544,17.715,phen0906_b1.csv
28,0.046,64.267,0,174,3.739,18.126,phen0906_b1.csv
29,0.034,76.818,1,208,27.051,18.149,phen0906_b1.csv
30,0.046,35.600,0,213,33.544,18.155,phen0906_b1.csv
31,0.052,49.059,1,210,31.258,18.397,phen0906_b1.csv
32,0.049,75.500,1,183,41.371,19.001,phen0906_b1.csv
33,0.046,71.933,1,215,10.907,19.091,phen0906_b1.csv
34,0.037,84.750,5,213,13.668,19.129,phen0906_b1.csv
35,0.046,101.333,0,217,29.722,19.231,phen0906_b1.csv
36,0.043,91.286,1,205,33.459,19.941,phen0906_b1.csv
37,0.055,46.000,0,200,36.706,19.933,phen0906_b1.csv
38,0.040,86.385,2,201,10.750,20.496,phen0906_b1.csv
39,0.049,86.125,3,183,37.379,20.692,phen0906_b1.csv
40,0.046,85.800,3,187,3.913,20.872,phen0906_b1.csv
41,0.040,52.077,1,173,8.622,21.021,phen0906_b1.csv
42,0.046,66.133,1,196,17.379,21.190,phen0906_b1.csv
43,0.049,61.750,0,153,31.976,21.132,phen0906_b1.csv
44,0.049,79.250,0,216,37.198,21.320,phen0906_b1.csv
45,0.049,56.000,0,204,15.664,21.285,phen0906_b1.csv
46,0.037,43.917,2,218,23.981,21.458,phen0906_b1.csv
47,0.046,81.267,0,210,41.077,21.464,phen0906_b1.csv
48,0.040,72.077,0,217,3.133,21.985,phen0906_b1.csv
49,0.031,39.500,3,144,15.908,22.035,phen0906_b1.csv
50,0.049,74.062,0,205,11.374,22.106,phen0906_b1.csv
51,0.049,61.562,0,191,16.808,22.106,phen0906_b1.csv
52,0.037,66.167,2,217,10.276,22.576,phen0906_b1.csv
53,0.055,98.556,1,203,42.319,22.573,phen0906_b1.csv
54,0.046,86.133,5,197,17.497,22.905,phen0906_b1.csv
55,0.043,114.357,5,216,1.153,23.034,phen0906_b1.csv
56,0.043,95.286,0,186,35.459,23.343,phen0906_b1.csv
57,0.043,83.643,2,214,25.541,23.747,phen0906_b1.csv
58,0.046,73.533,1,180,14.551,23.907,phen0906_b1.csv
59,0.037,77.083,0,212,12.554,23.916,phen0906_b1.csv
60,0.055,87.056,2,216,32.012,23.944,phen0906_b1.csv
61,0.040,79.077,0,216,35.092,24.011,phen0906_b1.csv
62,0.049,101.312,3,215,40.033,24.064,phen0906_b1.csv
63,0.043,67.786,3,175,27.201,24.155,phen0906_b1.csv
64,0.049,77.562,2,216,10.355,24.158,phen0906_b1.csv
65,0.040,65.462,2,207,12.883,24.484,phen0906_b1.csv
66,0.043,84.571,2,216,13.196,24.480,phen0906_b1.csv
67,0.043,63.143,1,213,9.565,24.508,phen0906_b1.csv
68,0.046,85.600,3,210,2.833,24.584,phen0906_b1.csv
69,0.046,70.067,0,217,20.595,24.831,phen0906_b1.csv
70,0.058,74.053,0,208,32.505,24.854,phen0906_b1.csv
71,0.043,49.214,0,211,30.682,25.229,phen0906_b1.csv
72,0.040,79.231,11,209,10.563,25.256,phen0906_b1.csv
73,0.046,85.467,1,215,23.183,25.290,phen0906_b1.csv
74,0.037,87.667,0,190,9.750,25.469,phen0906_b1.csv
75,0.065,87.476,0,218,40.016,25.771,phen0906_b1.csv
76,0.043,58.786,1,204,25.141,26.242,phen0906_b1.csv
77,0.046,66.600,2,181,21.371,26.325,phen0906_b1.csv
78,0.049,92.062,1,214,40.605,27.308,phen0906_b1.csv
79,0.055,78.000,1,214,26.969,27.397,phen0906_b1.csv
80,0.043,63.786,0,206,15.157,27.510,phen0906_b1.csv
81,0.043,75.929,0,210,1.382,27.870,phen0906_b1.csv
82,0.046,71.667,0,216,29.245,28.066,phen0906_b1.csv
83,0.034,54.364,2,213,16.743,28.235,phen0906_b1.csv
84,0.052,71.882,1,211,42.259,28.658,phen0906_b1.csv
85,0.046,45.400,1,164,32.165,28.727,phen0906_b1.csv
86,0.043,60.214,3,189,18.044,28.849,phen0906_b1.csv
87,0.049,49.125,0,216,38.349,28.746,phen0906_b1.csv
88,0.046,41.933,1,179,28.923,28.949,phen0906_b1.csv
89,0.046,59.600,0,193,3.421,29.115,phen0906_b1.csv
90,0.043,42.786,0,198,12.016,29.454,phen0906_b1.csv
91,0.046,92.600,3,189,20.676,29.663,phen0906_b1.csv
92,0.055,78.444,2,211,35.798,29.797,phen0906_b1.csv
93,0.055,72.944,0,190,2.196,30.240,phen0906_b1.csv
94,0.058,64.895,4,208,19.315,30.486,phen0906_b1.csv
95,0.049,72.375,1,202,24.189,30.628,phen0906_b1.csv
96,0.052,64.059,1,218,28.228,30.667,phen0906_b1.csv
97,0.055,78.944,0,217,19.099,31.571,phen0906_b1.csv
98,0.049,110.125,2,215,3.011,32.544,phen0906_b1.csv
99,0.052,46.882,0,217,23.113,32.967,phen0906_b1.csv
100,0.043,39.714,0,162,12.622,33.467,phen0906_b1.csv
101,0.046,82.733,0,215,25.097,37.425,phen0906_b1.csv
102,0.049,65.312,1,207,17.764,39.749,phen0906_b1.csv
1,0.075,120.778,2,211,46.209,2.089,phen1708_b1.csv
2,0.038,141.889,42,221,32.540,3.743,phen1708_b1.csv
3,0.046,107.364,2,222,25.530,7.063,phen1708_b1.csv
4,0.038,105.333,3,196,29.499,9.322,phen1708_b1.csv
5,0.038,60.222,0,180,41.118,9.330,phen1708_b1.csv
6,0.021,189.600,159,221,42.161,10.400,phen1708_b1.csv
7,0.059,104.071,21,220,21.448,11.690,phen1708_b1.csv
8,0.071,112.765,9,215,45.146,11.654,phen1708_b1.csv
9,0.059,94.143,1,198,24.638,11.991,phen1708_b1.csv
10,0.046,97.273,1,203,6.304,12.087,phen1708_b1.csv
11,0.042,74.300,1,209,39.696,12.923,phen1708_b1.csv
12,0.050,84.667,1,179,41.158,12.910,phen1708_b1.csv
13,0.038,164.889,89,215,28.693,13.047,phen1708_b1.csv
14,0.054,124.615,9,215,6.738,13.334,phen1708_b1.csv
15,0.046,159.818,132,204,6.315,14.034,phen1708_b1.csv
16,0.050,109.000,0,213,21.226,14.464,phen1708_b1.csv
17,0.063,107.133,8,220,44.189,14.472,phen1708_b1.csv
18,0.046,106.182,5,194,36.343,14.552,phen1708_b1.csv
19,0.054,139.923,62,210,9.675,14.787,phen1708_b1.csv
20,0.054,122.000,1,222,17.301,14.747,phen1708_b1.csv
21,0.046,209.455,16,254,18.129,14.864,phen1708_b1.csv
22,0.046,99.818,0,216,43.291,15.064,phen1708_b1.csv
23,0.042,106.000,17,178,27.523,15.272,phen1708_b1.csv
24,0.050,115.417,10,202,11.557,15.359,phen1708_b1.csv
25,0.059,167.500,2,254,22.738,15.374,phen1708_b1.csv
26,0.050,112.167,15,198,38.996,16.917,phen1708_b1.csv
27,0.054,82.462,2,181,36.232,17.027,phen1708_b1.csv
28,0.046,144.000,68,203,33.742,17.482,phen1708_b1.csv
29,0.046,113.182,36,194,14.840,17.558,phen1708_b1.csv
30,0.054,108.000,0,216,27.620,17.958,phen1708_b1.csv
31,0.042,166.100,92,217,17.796,18.314,phen1708_b1.csv
32,0.046,92.364,0,213,20.558,18.252,phen1708_b1.csv
33,0.054,83.538,0,167,44.750,18.864,phen1708_b1.csv
34,0.063,112.733,1,219,42.830,19.075,phen1708_b1.csv
35,0.050,119.250,29,220,33.268,19.500,phen1708_b1.csv
36,0.034,151.625,40,221,41.935,19.414,phen1708_b1.csv
37,0.050,78.167,2,207,28.000,19.732,phen1708_b1.csv
38,0.054,102.154,2,222,37.034,19.730,phen1708_b1.csv
39,0.038,253.333,251,255,21.086,20.317,phen1708_b1.csv
40,0.054,114.308,2,201,6.066,21.079,phen1708_b1.csv
41,0.080,97.316,0,219,13.568,21.078,phen1708_b1.csv
42,0.138,209.727,53,255,27.751,21.462,phen1708_b1.csv
43,0.046,103.545,13,218,26.053,21.353,phen1708_b1.csv
44,0.059,249.214,193,255,37.488,21.180,phen1708_b1.csv
45,0.067,235.812,120,255,38.315,21.133,phen1708_b1.csv
46,0.042,198.400,79,254,30.590,21.252,phen1708_b1.csv
47,0.046,134.909,33,196,7.180,21.494,phen1708_b1.csv
48,0.092,164.045,0,254,29.068,21.514,phen1708_b1.csv
49,0.038,228.889,117,254,18.541,22.229,phen1708_b1.csv
50,0.050,88.250,0,216,36.013,22.930,phen1708_b1.csv
51,0.059,101.071,0,207,30.776,23.274,phen1708_b1.csv
52,0.054,133.923,1,254,21.916,23.524,phen1708_b1.csv
53,0.059,109.929,0,216,32.130,23.491,phen1708_b1.csv
54,0.063,109.000,0,202,39.866,23.938,phen1708_b1.csv
55,0.054,92.385,0,200,8.236,24.121,phen1708_b1.csv
56,0.059,89.000,0,219,15.790,24.221,phen1708_b1.csv
57,0.059,117.429,0,222,26.856,24.476,phen1708_b1.csv
58,0.054,117.462,0,214,42.271,24.663,phen1708_b1.csv
59,0.050,103.750,1,218,4.217,25.433,phen1708_b1.csv
60,0.059,107.000,10,218,42.156,25.733,phen1708_b1.csv
61,0.059,84.429,1,220,30.753,25.987,phen1708_b1.csv
62,0.042,97.000,32,220,38.861,26.339,phen1708_b1.csv
63,0.105,65.600,0,220,42.003,26.521,phen1708_b1.csv
64,0.050,48.333,0,220,39.093,26.840,phen1708_b1.csv
65,0.054,88.077,1,199,40.737,27.536,phen1708_b1.csv
66,0.059,103.786,0,217,35.459,28.604,phen1708_b1.csv
67,0.075,101.444,0,220,43.545,28.913,phen1708_b1.csv
68,0.054,87.385,1,211,25.500,29.422,phen1708_b1.csv
69,0.067,186.375,1,254,44.256,30.108,phen1708_b1.csv
70,0.050,87.667,0,192,6.768,30.345,phen1708_b1.csv
71,0.050,78.083,0,204,33.328,30.426,phen1708_b1.csv
72,0.050,128.333,7,212,11.390,30.723,phen1708_b1.csv
73,0.084,84.650,0,202,45.520,30.694,phen1708_b1.csv
74,0.050,82.583,0,207,8.661,30.815,phen1708_b1.csv
75,0.050,178.250,0,254,14.377,31.117,phen1708_b1.csv
76,0.050,89.833,2,215,12.722,31.624,phen1708_b1.csv
77,0.017,228.750,174,254,12.554,39.831,phen1708_b1.csv
78,0.054,126.077,26,211,5.996,40.050,phen1708_b1.csv
79,0.050,87.000,1,217,17.095,40.473,phen1708_b1.csv
80,0.054,105.923,0,207,4.562,42.828,phen1708_b1.csv
81,0.059,90.000,1,215,38.075,67.903,phen1708_b1.csv
82,0.059,141.714,54,215,16.826,83.818,phen1708_b1.csv
83,0.059,106.143,0,221,35.593,85.593,phen1708_b1.csv
84,0.042,255.000,255,255,31.949,21.317,phen1708_b1.csv
85,0.105,255.000,255,255,43.233,26.586,phen1708_b1.csv
1,0.023,204.167,185,212,0.072,0.693,phen1808_b2.csv
2,0.038,146.400,48,210,20.588,4.015,phen1808_b2.csv
3,0.046,158.833,112,205,32.219,4.080,phen1808_b2.csv
4,0.027,142.714,90,184,10.544,4.543,phen1808_b2.csv
5,0.046,146.250,20,212,13.072,4.504,phen1808_b2.csv
6,0.031,179.000,152,210,18.405,5.600,phen1808_b2.csv
7,0.042,132.818,85,210,11.138,6.591,phen1808_b2.csv
8,0.046,146.333,66,214,18.118,8.325,phen1808_b2.csv
9,0.054,117.929,0,209,13.837,8.656,phen1808_b2.csv
10,0.035,164.778,91,209,32.296,8.670,phen1808_b2.csv
11,0.042,139.000,90,185,9.096,10.658,phen1808_b2.csv
12,0.042,116.727,0,213,13.360,11.792,phen1808_b2.csv
13,0.046,98.583,2,163,3.283,11.996,phen1808_b2.csv
14,0.046,141.333,26,211,12.797,12.327,phen1808_b2.csv
15,0.058,138.067,0,212,36.056,12.445,phen1808_b2.csv
16,0.035,168.556,109,204,14.523,12.434,phen1808_b2.csv
17,0.042,110.182,0,213,26.717,12.898,phen1808_b2.csv
18,0.038,137.400,27,211,8.563,13.092,phen1808_b2.csv
19,0.038,137.500,67,214,32.513,14.023,phen1808_b2.csv
20,0.046,134.083,50,204,24.447,14.736,phen1808_b2.csv
21,0.038,83.700,0,207,38.296,14.935,phen1808_b2.csv
22,0.035,172.778,141,205,18.797,15.929,phen1808_b2.csv
23,0.054,141.571,0,209,20.139,16.031,phen1808_b2.csv
24,0.050,139.154,5,214,11.076,16.498,phen1808_b2.csv
25,0.042,127.818,59,211,41.169,16.953,phen1808_b2.csv
26,0.042,127.182,11,214,7.590,17.399,phen1808_b2.csv
27,0.038,115.200,30,187,13.216,18.100,phen1808_b2.csv
28,0.042,104.273,3,163,39.595,18.279,phen1808_b2.csv
29,0.038,127.700,59,201,42.739,19.167,phen1808_b2.csv
30,0.035,115.667,4,213,15.812,19.252,phen1808_b2.csv
31,0.050,124.923,2,213,38.501,19.266,phen1808_b2.csv
32,0.042,124.909,27,208,7.155,19.396,phen1808_b2.csv
33,0.038,167.500,131,205,41.101,19.520,phen1808_b2.csv
34,0.038,168.400,123,211,12.521,19.986,phen1808_b2.csv
35,0.035,151.222,83,205,16.391,20.142,phen1808_b2.csv
36,0.050,151.462,69,213,25.161,20.173,phen1808_b2.csv
37,0.038,150.200,68,203,14.643,20.352,phen1808_b2.csv
38,0.046,93.000,4,212,4.954,21.179,phen1808_b2.csv
39,0.050,134.846,0,212,18.149,21.314,phen1808_b2.csv
40,0.054,152.929,69,211,38.873,21.735,phen1808_b2.csv
41,0.050,146.154,37,205,29.833,22.197,phen1808_b2.csv
42,0.042,82.273,0,177,4.718,22.408,phen1808_b2.csv
43,0.046,102.500,2,169,18.366,22.710,phen1808_b2.csv
44,0.038,113.800,4,204,15.450,22.896,phen1808_b2.csv
45,0.054,124.214,3,212,12.370,23.033,phen1808_b2.csv
46,0.035,107.000,3,176,35.309,22.982,phen1808_b2.csv
47,0.035,117.222,4,198,5.705,23.120,phen1808_b2.csv
48,0.042,130.818,39,196,34.507,23.124,phen1808_b2.csv
49,0.050,131.231,0,213,18.846,23.442,phen1808_b2.csv
50,0.042,101.818,0,207,24.027,23.463,phen1808_b2.csv
51,0.035,168.111,131,211,41.534,23.589,phen1808_b2.csv
52,0.050,138.000,5,208,26.201,23.781,phen1808_b2.csv
53,0.046,130.667,0,211,15.921,23.971,phen1808_b2.csv
54,0.042,131.364,3,214,18.736,24.083,phen1808_b2.csv
55,0.042,70.545,0,188,22.436,24.247,phen1808_b2.csv
56,0.046,125.667,0,205,35.342,24.307,phen1808_b2.csv
57,0.046,157.417,69,210,33.790,25.109,phen1808_b2.csv
58,0.038,117.500,59,192,41.988,25.068,phen1808_b2.csv
59,0.042,142.636,49,202,40.374,25.725,phen1808_b2.csv
60,0.054,142.714,5,207,12.658,25.750,phen1808_b2.csv
61,0.100,103.269,0,206,25.588,25.764,phen1808_b2.csv
62,0.050,114.769,31,202,39.069,26.106,phen1808_b2.csv
63,0.054,98.429,0,197,11.169,26.184,phen1808_b2.csv
64,0.046,108.917,2,191,18.465,26.303,phen1808_b2.csv
65,0.046,122.000,0,189,7.596,26.489,phen1808_b2.csv
66,0.042,127.455,2,211,6.789,26.543,phen1808_b2.csv
67,0.042,125.636,33,204,6.490,26.627,phen1808_b2.csv
68,0.046,127.250,39,204,29.390,26.815,phen1808_b2.csv
69,0.042,122.273,46,208,41.209,26.842,phen1808_b2.csv
70,0.038,137.000,60,200,16.617,27.121,phen1808_b2.csv
71,0.038,96.400,0,200,37.837,27.134,phen1808_b2.csv
72,0.038,106.500,0,198,15.884,27.456,phen1808_b2.csv
73,0.035,96.000,0,194,9.462,27.891,phen1808_b2.csv
74,0.046,105.667,2,196,18.858,28.020,phen1808_b2.csv
75,0.042,139.909,69,205,42.726,28.105,phen1808_b2.csv
76,0.050,132.923,2,203,29.256,28.635,phen1808_b2.csv
77,0.042,110.000,0,210,9.005,29.177,phen1808_b2.csv
78,0.035,115.444,46,172,42.589,29.228,phen1808_b2.csv
79,0.081,114.143,0,213,8.464,29.542,phen1808_b2.csv
80,0.050,119.385,0,213,33.909,29.585,phen1808_b2.csv
81,0.046,142.000,77,202,9.628,30.290,phen1808_b2.csv
82,0.046,120.750,1,212,20.026,30.662,phen1808_b2.csv
83,0.042,116.273,57,198,33.802,31.236,phen1808_b2.csv
84,0.038,57.100,0,174,24.447,31.365,phen1808_b2.csv
85,0.054,114.000,0,201,36.001,31.733,phen1808_b2.csv
86,0.035,108.778,2,213,24.685,32.076,phen1808_b2.csv
87,0.038,147.200,91,209,11.560,32.824,phen1808_b2.csv
88,0.035,107.333,2,189,27.291,33.089,phen1808_b2.csv
89,0.038,117.000,1,210,35.368,34.623,phen1808_b2.csv
90,0.038,106.200,35,209,34.896,34.908,phen1808_b2.csv
91,0.042,149.455,33,207,40.701,36.183,phen1808_b2.csv
92,0.042,95.182,0,197,32.415,37.773,phen1808_b2.csv
93,0.050,84.308,0,205,32.955,38.439,phen1808_b2.csv
94,0.046,99.167,1,195,26.433,39.370,phen1808_b2.csv
95,0.042,104.727,0,197,21.477,57.206,phen1808_b2.csv
96,0.065,147.294,110,206,0.137,86.304,phen1808_b2.csv
1,0.085,93.875,88,127,33.244,4.432,phen2305_b1.csv
2,0.114,92.880,88,124,4.305,4.632,phen2305_b1.csv
3,0.194,91.125,88,129,15.927,5.247,phen2305_b1.csv
4,0.149,91.235,88,124,28.720,8.551,phen2305_b1.csv
5,0.130,92.465,88,129,42.633,8.810,phen2305_b1.csv
6,0.159,92.533,88,129,10.236,10.071,phen2305_b1.csv
7,0.183,91.967,88,129,24.574,10.390,phen2305_b1.csv
8,0.165,92.110,88,129,30.566,12.264,phen2305_b1.csv
9,0.171,91.655,88,129,23.614,12.406,phen2305_b1.csv
10,0.206,89.743,88,121,34.004,13.012,phen2305_b1.csv
11,0.117,93.286,88,127,11.716,14.364,phen2305_b1.csv
12,0.144,90.853,88,129,1.079,14.683,phen2305_b1.csv
13,0.164,90.620,88,122,34.749,14.868,phen2305_b1.csv
14,0.143,91.234,88,129,7.365,15.016,phen2305_b1.csv
15,0.132,91.563,88,128,23.625,15.798,phen2305_b1.csv
16,0.111,92.534,88,127,38.392,16.000,phen2305_b1.csv
17,0.105,91.507,88,120,42.741,16.259,phen2305_b1.csv
18,0.158,91.298,88,122,30.751,16.357,phen2305_b1.csv
19,0.118,93.731,88,129,17.029,16.494,phen2305_b1.csv
20,0.200,91.424,88,129,23.366,17.108,phen2305_b1.csv
21,0.096,92.063,88,127,42.713,17.192,phen2305_b1.csv
22,0.158,91.058,88,129,29.976,17.362,phen2305_b1.csv
23,0.165,90.899,88,129,3.711,17.513,phen2305_b1.csv
24,0.177,91.248,88,127,1.871,18.681,phen2305_b1.csv
25,0.190,91.952,88,128,4.189,18.774,phen2305_b1.csv
26,0.212,91.843,88,128,10.741,18.791,phen2305_b1.csv
27,0.209,91.304,88,126,6.341,18.817,phen2305_b1.csv
28,0.202,91.940,88,129,14.879,19.175,phen2305_b1.csv
29,0.176,92.500,88,125,18.220,19.530,phen2305_b1.csv
30,0.174,91.252,88,129,10.506,19.780,phen2305_b1.csv
31,0.185,90.992,88,126,27.779,19.769,phen2305_b1.csv
32,0.126,91.735,88,129,14.756,20.299,phen2305_b1.csv
33,0.180,91.445,88,129,8.138,20.588,phen2305_b1.csv
34,0.171,91.239,88,122,36.852,20.534,phen2305_b1.csv
35,0.162,90.682,88,125,33.719,20.714,phen2305_b1.csv
36,0.092,92.393,88,125,41.770,20.957,phen2305_b1.csv
37,0.120,92.228,88,127,42.607,21.517,phen2305_b1.csv
38,0.167,91.145,88,128,3.812,21.688,phen2305_b1.csv
39,0.092,94.869,88,127,37.574,21.648,phen2305_b1.csv
40,0.097,92.125,88,129,43.240,21.752,phen2305_b1.csv
41,0.191,89.865,88,123,5.006,21.840,phen2305_b1.csv
42,0.123,91.272,88,123,18.808,22.031,phen2305_b1.csv
43,0.130,90.930,88,126,39.681,22.129,phen2305_b1.csv
44,0.074,92.571,88,120,32.069,22.181,phen2305_b1.csv
45,0.152,92.270,88,128,33.646,22.357,phen2305_b1.csv
46,0.136,91.833,88,127,28.882,22.518,phen2305_b1.csv
47,0.130,92.035,88,129,6.172,22.537,phen2305_b1.csv
48,0.099,93.354,88,129,26.808,22.620,phen2305_b1.csv
49,0.199,91.275,88,129,23.973,22.739,phen2305_b1.csv
50,0.158,91.644,88,127,2.472,22.878,phen2305_b1.csv
51,0.123,92.062,88,129,30.472,22.973,phen2305_b1.csv
52,0.153,92.109,88,128,25.509,23.068,phen2305_b1.csv
53,0.132,91.356,88,128,32.575,23.107,phen2305_b1.csv
54,0.233,90.896,88,128,7.500,23.219,phen2305_b1.csv
55,0.123,93.593,88,126,29.641,23.224,phen2305_b1.csv
56,0.100,93.424,88,129,39.173,23.335,phen2305_b1.csv
57,0.158,90.769,88,124,4.303,23.408,phen2305_b1.csv
58,0.117,92.831,88,127,35.386,23.402,phen2305_b1.csv
59,0.115,92.066,88,126,33.234,23.537,phen2305_b1.csv
60,0.149,92.520,88,125,30.715,23.629,phen2305_b1.csv
61,0.162,92.449,88,127,14.791,23.662,phen2305_b1.csv
62,0.182,92.333,88,127,32.010,23.736,phen2305_b1.csv
63,0.171,91.283,88,127,22.963,23.734,phen2305_b1.csv
64,0.156,92.311,88,129,13.695,23.861,phen2305_b1.csv
65,0.117,91.922,88,127,18.973,23.969,phen2305_b1.csv
66,0.158,91.625,88,126,35.270,24.022,phen2305_b1.csv
67,0.190,91.640,88,129,19.883,24.086,phen2305_b1.csv
68,0.120,92.823,88,127,20.798,24.079,phen2305_b1.csv
69,0.180,90.992,88,127,4.452,24.229,phen2305_b1.csv
70,0.158,90.952,88,129,5.586,24.354,phen2305_b1.csv
71,0.106,91.129,88,120,12.953,24.469,phen2305_b1.csv
72,0.168,91.559,88,128,7.029,24.699,phen2305_b1.csv
73,0.174,90.730,88,126,5.142,24.882,phen2305_b1.csv
74,0.150,91.051,88,125,28.191,25.016,phen2305_b1.csv
75,0.167,91.755,88,122,34.736,25.392,phen2305_b1.csv
76,0.099,92.215,88,128,38.350,25.382,phen2305_b1.csv
77,0.200,91.189,88,129,27.719,25.535,phen2305_b1.csv
78,0.086,93.579,88,123,28.912,25.997,phen2305_b1.csv
79,0.194,90.898,88,128,28.255,26.558,phen2305_b1.csv
80,0.111,91.521,88,128,38.741,29.132,phen2305_b1.csv
81,0.130,91.279,88,129,6.484,29.321,phen2305_b1.csv
82,0.139,92.446,88,128,15.728,32.273,phen2305_b1.csv
83,0.118,91.218,88,127,22.973,34.362,phen2305_b1.csv
84,0.196,90.605,88,129,38.087,40.121,phen2305_b1.csv
85,0.168,90.802,88,126,33.945,40.250,phen2305_b1.csv
86,0.249,91.390,88,128,42.014,46.500,phen2305_b1.csv
87,0.294,90.510,88,129,4.333,51.599,phen2305_b1.csv
1,0.089,93.702,88,123,28.155,5.592,phen2305_b2.csv
2,0.093,92.898,88,120,26.198,5.839,phen2305_b2.csv
3,0.096,94.230,88,123,15.066,7.028,phen2305_b2.csv
4,0.130,91.880,88,120,11.022,7.502,phen2305_b2.csv
5,0.094,93.900,88,122,4.628,7.899,phen2305_b2.csv
6,0.089,92.772,88,120,31.545,8.183,phen2305_b2.csv
7,0.099,94.873,88,122,19.233,9.054,phen2305_b2.csv
8,0.099,95.397,88,121,26.019,9.688,phen2305_b2.csv
9,0.100,95.234,88,123,15.559,9.968,phen2305_b2.csv
10,0.094,92.400,88,122,38.575,10.104,phen2305_b2.csv
11,0.093,93.492,88,123,10.617,10.565,phen2305_b2.csv
12,0.094,92.333,88,120,39.982,10.609,phen2305_b2.csv
13,0.126,93.700,88,123,27.412,10.856,phen2305_b2.csv
14,0.094,94.417,88,123,27.072,11.274,phen2305_b2.csv
15,0.096,94.902,88,123,3.070,11.871,phen2305_b2.csv
16,0.094,93.617,88,122,27.559,11.927,phen2305_b2.csv
17,0.091,93.397,88,119,40.806,11.995,phen2305_b2.csv
18,0.099,93.683,88,123,35.521,12.038,phen2305_b2.csv
19,0.094,93.733,88,121,30.591,12.700,phen2305_b2.csv
20,0.094,94.450,88,123,44.307,12.971,phen2305_b2.csv
21,0.096,93.197,88,122,32.326,13.907,phen2305_b2.csv
22,0.093,93.610,88,123,27.459,14.763,phen2305_b2.csv
23,0.094,93.983,88,123,31.598,14.897,phen2305_b2.csv
24,0.091,92.862,88,113,26.931,15.018,phen2305_b2.csv
25,0.116,92.905,88,123,29.136,15.262,phen2305_b2.csv
26,0.127,91.963,88,121,33.236,15.569,phen2305_b2.csv
27,0.088,91.732,88,115,36.186,15.969,phen2305_b2.csv
28,0.111,92.789,88,121,23.143,16.066,phen2305_b2.csv
29,0.096,93.885,88,122,25.820,16.076,phen2305_b2.csv
30,0.111,91.535,88,119,28.229,17.102,phen2305_b2.csv
31,0.096,93.131,88,123,31.352,17.394,phen2305_b2.csv
32,0.089,93.000,88,123,16.959,18.279,phen2305_b2.csv
33,0.096,93.393,88,123,5.102,18.397,phen2305_b2.csv
34,0.094,92.433,88,118,43.152,18.802,phen2305_b2.csv
35,0.093,92.085,88,123,30.169,19.697,phen2305_b2.csv
36,0.097,93.935,88,120,31.594,19.715,phen2305_b2.csv
37,0.091,92.810,88,122,40.378,19.996,phen2305_b2.csv
38,0.133,91.235,88,119,7.613,20.157,phen2305_b2.csv
39,0.094,93.033,88,122,22.522,20.206,phen2305_b2.csv
40,0.100,94.297,88,121,35.874,20.226,phen2305_b2.csv
41,0.121,93.065,88,120,6.694,20.304,phen2305_b2.csv
42,0.102,94.062,88,123,29.058,20.665,phen2305_b2.csv
43,0.108,91.435,88,118,2.873,21.100,phen2305_b2.csv
44,0.115,91.342,88,111,41.279,21.175,phen2305_b2.csv
45,0.096,93.377,88,123,43.378,21.384,phen2305_b2.csv
46,0.121,92.260,88,122,30.505,21.548,phen2305_b2.csv
47,0.093,93.797,88,123,35.320,21.788,phen2305_b2.csv
48,0.121,93.169,88,121,39.226,22.091,phen2305_b2.csv
49,0.105,91.045,88,116,26.054,22.135,phen2305_b2.csv
50,0.105,91.851,88,121,34.392,22.280,phen2305_b2.csv
51,0.091,93.379,88,122,23.751,22.312,phen2305_b2.csv
52,0.091,91.483,88,108,3.224,22.507,phen2305_b2.csv
53,0.089,93.649,88,123,39.853,22.567,phen2305_b2.csv
54,0.094,92.983,88,121,37.981,22.745,phen2305_b2.csv
55,0.096,95.148,88,123,38.499,23.047,phen2305_b2.csv
56,0.096,92.590,88,122,9.171,23.223,phen2305_b2.csv
57,0.096,93.443,88,122,43.728,23.258,phen2305_b2.csv
58,0.107,92.176,88,120,21.419,23.361,phen2305_b2.csv
59,0.097,92.710,88,121,20.509,23.546,phen2305_b2.csv
60,0.088,92.375,88,115,3.994,23.656,phen2305_b2.csv
61,0.091,93.328,88,117,41.091,23.869,phen2305_b2.csv
62,0.108,94.159,88,123,16.205,23.948,phen2305_b2.csv
63,0.093,94.508,88,122,3.115,24.072,phen2305_b2.csv
64,0.094,93.300,88,122,24.976,24.357,phen2305_b2.csv
65,0.093,92.712,88,119,21.245,24.638,phen2305_b2.csv
66,0.121,91.377,88,118,8.260,25.282,phen2305_b2.csv
67,0.096,93.803,88,123,36.541,25.583,phen2305_b2.csv
68,0.099,93.968,88,123,35.199,27.074,phen2305_b2.csv
69,0.096,93.607,88,120,17.482,28.025,phen2305_b2.csv
70,0.096,93.426,88,123,36.300,28.114,phen2305_b2.csv
71,0.119,92.553,88,123,32.743,28.812,phen2305_b2.csv
72,0.097,94.226,88,123,7.163,30.497,phen2305_b2.csv
73,0.094,93.300,88,119,34.008,30.692,phen2305_b2.csv
74,0.118,92.187,88,122,35.010,30.822,phen2305_b2.csv
75,0.094,92.833,88,119,9.276,32.753,phen2305_b2.csv
76,0.091,92.000,88,115,7.979,33.444,phen2305_b2.csv
77,0.099,95.286,88,123,32.874,34.692,phen2305_b2.csv
78,0.124,91.671,88,122,30.061,35.604,phen2305_b2.csv
79,0.091,93.241,88,118,16.509,44.063,phen2305_b2.csv
80,0.127,93.358,88,123,36.232,46.627,phen2305_b2.csv
1,0.019,155.333,131,183,10.549,2.172,phen2308_b1.csv
2,0.032,135.900,107,172,12.202,6.363,phen2308_b1.csv
3,0.019,150.833,138,176,34.233,6.958,phen2308_b1.csv
4,0.022,170.143,157,179,5.299,7.314,phen2308_b1.csv
5,0.035,144.818,99,180,35.128,7.793,phen2308_b1.csv
6,0.016,152.400,127,164,11.379,8.659,phen2308_b1.csv
7,0.029,127.444,89,185,28.498,8.741,phen2308_b1.csv
8,0.029,146.889,113,182,20.412,9.305,phen2308_b1.csv
9,0.025,114.375,86,169,3.392,9.752,phen2308_b1.csv
10,0.022,141.143,116,174,38.712,11.424,phen2308_b1.csv
11,0.029,126.667,115,155,28.059,11.518,phen2308_b1.csv
12,0.029,106.778,82,166,24.480,12.452,phen2308_b1.csv
13,0.032,128.500,93,163,10.380,13.116,phen2308_b1.csv
14,0.025,114.875,87,173,19.688,14.414,phen2308_b1.csv
15,0.041,127.077,92,171,24.039,14.696,phen2308_b1.csv
16,0.025,134.125,98,158,26.105,14.646,phen2308_b1.csv
17,0.025,108.875,94,143,33.115,14.893,phen2308_b1.csv
18,0.032,132.000,98,178,17.291,14.995,phen2308_b1.csv
19,0.029,130.222,95,165,20.287,15.003,phen2308_b1.csv
20,0.025,97.875,82,121,5.606,15.768,phen2308_b1.csv
21,0.029,96.111,83,134,22.111,15.818,phen2308_b1.csv
22,0.029,134.778,86,182,22.794,16.369,phen2308_b1.csv
23,0.035,126.636,92,185,38.215,17.414,phen2308_b1.csv
24,0.029,125.111,86,169,17.943,17.510,phen2308_b1.csv
25,0.038,117.083,83,173,20.478,17.907,phen2308_b1.csv
26,0.032,123.000,88,174,18.865,18.024,phen2308_b1.csv
27,0.025,118.875,98,155,16.332,18.229,phen2308_b1.csv
28,0.038,122.333,82,178,17.671,18.245,phen2308_b1.csv
29,0.035,127.273,96,183,36.881,18.306,phen2308_b1.csv
30,0.025,100.375,83,117,4.661,18.518,phen2308_b1.csv
31,0.032,113.200,81,182,19.299,18.532,phen2308_b1.csv
32,0.032,116.200,82,153,25.268,18.797,phen2308_b1.csv
33,0.025,136.625,96,180,16.155,18.934,phen2308_b1.csv
34,0.022,132.000,102,171,29.645,18.983,phen2308_b1.csv
35,0.032,119.100,82,153,35.467,19.039,phen2308_b1.csv
36,0.029,130.111,107,168,38.145,19.134,phen2308_b1.csv
37,0.025,129.625,93,172,20.619,19.293,phen2308_b1.csv
38,0.029,128.556,82,180,22.575,19.560,phen2308_b1.csv
39,0.025,103.875,85,150,7.023,19.914,phen2308_b1.csv
40,0.032,146.600,112,182,23.637,19.999,phen2308_b1.csv
41,0.016,167.600,128,179,4.395,20.055,phen2308_b1.csv
42,0.032,129.100,93,165,39.800,20.094,phen2308_b1.csv
43,0.029,130.444,104,178,40.734,20.431,phen2308_b1.csv
44,0.022,110.571,94,134,28.880,20.829,phen2308_b1.csv
45,0.080,119.120,77,185,35.002,20.976,phen2308_b1.csv
46,0.029,115.333,86,148,41.918,20.964,phen2308_b1.csv
47,0.035,112.091,85,165,8.947,21.060,phen2308_b1.csv
48,0.035,109.727,86,141,9.598,21.450,phen2308_b1.csv
49,0.035,112.909,87,168,16.629,21.686,phen2308_b1.csv
50,0.035,110.273,82,171,21.009,21.876,phen2308_b1.csv
51,0.032,110.400,85,168,8.236,22.131,phen2308_b1.csv
52,0.025,141.125,114,172,27.960,22.192,phen2308_b1.csv
53,0.032,108.000,89,181,28.184,22.210,phen2308_b1.csv
54,0.032,116.100,89,166,17.144,22.221,phen2308_b1.csv
55,0.038,98.250,81,123,2.402,22.476,phen2308_b1.csv
56,0.035,132.273,99,170,40.523,22.578,phen2308_b1.csv
57,0.025,121.375,81,174,2.165,22.650,phen2308_b1.csv
58,0.025,109.250,81,155,11.699,22.749,phen2308_b1.csv
59,0.029,110.111,85,154,17.723,22.769,phen2308_b1.csv
60,0.041,123.615,85,178,22.099,22.754,phen2308_b1.csv
61,0.032,101.300,82,131,33.453,22.847,phen2308_b1.csv
62,0.029,124.000,83,159,14.501,23.283,phen2308_b1.csv
63,0.025,147.875,107,183,8.265,23.369,phen2308_b1.csv
64,0.029,119.778,82,183,9.656,23.484,phen2308_b1.csv
65,0.029,143.667,115,176,40.100,23.565,phen2308_b1.csv
66,0.035,115.909,94,160,39.538,23.681,phen2308_b1.csv
67,0.035,108.182,83,168,13.208,23.865,phen2308_b1.csv
68,0.029,131.000,82,182,24.060,23.853,phen2308_b1.csv
69,0.041,118.231,83,172,23.566,23.930,phen2308_b1.csv
70,0.029,142.889,97,179,20.525,23.998,phen2308_b1.csv
71,0.035,136.818,94,172,21.101,24.050,phen2308_b1.csv
72,0.025,102.500,82,123,36.105,24.258,phen2308_b1.csv
73,0.032,105.700,80,156,32.449,24.308,phen2308_b1.csv
74,0.029,116.444,87,184,25.276,24.436,phen2308_b1.csv
75,0.029,107.111,86,149,18.782,24.518,phen2308_b1.csv
76,0.035,118.364,78,174,33.656,24.660,phen2308_b1.csv
77,0.025,118.125,96,168,9.886,25.217,phen2308_b1.csv
78,0.045,135.429,102,173,37.261,25.612,phen2308_b1.csv
79,0.029,106.778,87,147,27.696,25.822,phen2308_b1.csv
80,0.029,98.444,82,126,5.544,25.815,phen2308_b1.csv
81,0.019,119.500,83,151,15.636,25.837,phen2308_b1.csv
82,0.032,103.400,86,152,13.257,25.978,phen2308_b1.csv
83,0.035,132.727,83,184,30.912,26.117,phen2308_b1.csv
84,0.032,121.200,87,176,12.580,26.170,phen2308_b1.csv
85,0.022,126.143,95,165,40.517,26.123,phen2308_b1.csv
86,0.029,91.889,81,126,12.245,26.379,phen2308_b1.csv
87,0.032,112.300,87,148,16.303,26.627,phen2308_b1.csv
88,0.045,121.714,80,168,24.000,26.776,phen2308_b1.csv
89,0.064,112.300,85,185,20.684,26.954,phen2308_b1.csv
90,0.029,115.333,88,170,10.684,26.944,phen2308_b1.csv
91,0.029,101.889,85,132,18.463,27.809,phen2308_b1.csv
92,0.035,125.000,85,169,38.256,27.902,phen2308_b1.csv
93,0.022,120.571,98,176,3.872,27.921,phen2308_b1.csv
94,0.041,120.077,79,180,32.028,28.300,phen2308_b1.csv
95,0.035,115.455,86,176,33.815,28.414,phen2308_b1.csv
96,0.038,120.083,81,169,38.055,28.841,phen2308_b1.csv
97,0.035,123.455,82,184,23.419,28.999,phen2308_b1.csv
98,0.032,110.800,90,140,13.376,29.577,phen2308_b1.csv
99,0.032,115.400,82,183,35.698,29.662,phen2308_b1.csv
100,0.038,136.667,88,183,41.027,30.698,phen2308_b1.csv
101,0.019,122.167,99,150,17.874,30.764,phen2308_b1.csv
102,0.032,122.300,94,183,34.700,31.230,phen2308_b1.csv
103,0.029,117.000,87,148,3.156,31.664,phen2308_b1.csv
104,0.035,110.727,85,161,27.958,31.712,phen2308_b1.csv
105,0.032,121.100,84,162,14.419,31.778,phen2308_b1.csv
106,0.032,123.600,90,180,39.692,32.810,phen2308_b1.csv
107,0.019,156.000,139,172,38.013,32.992,phen2308_b1.csv
108,0.048,122.733,86,181,22.522,33.090,phen2308_b1.csv
109,0.038,140.500,105,182,5.054,33.542,phen2308_b1.csv
110,0.022,126.286,101,177,40.799,34.577,phen2308_b1.csv
111,0.041,106.154,82,159,11.198,35.399,phen2308_b1.csv
112,0.032,120.700,84,165,12.913,40.003,phen2308_b1.csv
113,0.032,118.300,83,152,11.678,41.295,phen2308_b1.csv
114,0.032,123.900,91,181,16.766,63.640,phen2308_b1.csv
115,0.080,204.560,77,255,34.720,21.088,phen2308_b1.csv
116,0.064,255.000,255,255,21.361,26.841,phen2308_b1.csv
117,0.029,253.889,248,255,40.790,20.713,phen2308_b1.csv
1,0.168,98.673,88,164,43.602,0.190,phen2405_b1.csv
2,0.165,99.292,88,157,48.751,1.414,phen2405_b1.csv
3,0.168,98.694,88,161,29.209,1.603,phen2405_b1.csv
4,0.192,97.214,88,157,21.735,6.770,phen2405_b1.csv
5,0.148,99.628,88,161,46.407,6.857,phen2405_b1.csv
6,0.210,94.557,88,159,37.955,8.138,phen2405_b1.csv
7,0.186,96.537,88,155,19.993,9.384,phen2405_b1.csv
8,0.186,98.519,88,158,38.568,9.505,phen2405_b1.csv
9,0.137,96.025,88,142,20.128,11.118,phen2405_b1.csv
10,0.144,100.381,88,160,11.059,11.161,phen2405_b1.csv
11,0.137,103.800,88,163,46.251,11.680,phen2405_b1.csv
12,0.186,97.815,88,166,32.565,12.209,phen2405_b1.csv
13,0.151,95.364,88,159,11.755,13.061,phen2405_b1.csv
14,0.137,97.825,88,162,29.459,13.179,phen2405_b1.csv
15,0.120,98.343,88,160,36.348,13.565,phen2405_b1.csv
16,0.106,101.097,88,166,27.183,14.005,phen2405_b1.csv
17,0.131,98.184,88,163,37.941,14.201,phen2405_b1.csv
18,0.158,100.217,88,160,44.800,14.670,phen2405_b1.csv
19,0.189,100.382,88,166,3.792,14.776,phen2405_b1.csv
20,0.206,99.800,88,163,42.790,14.794,phen2405_b1.csv
21,0.206,96.733,88,160,9.722,16.088,phen2405_b1.csv
22,0.168,98.327,88,164,40.383,16.063,phen2405_b1.csv
23,0.151,95.977,88,157,44.216,16.077,phen2405_b1.csv
24,0.210,98.098,88,164,33.056,16.758,phen2405_b1.csv
25,0.127,101.162,88,160,10.413,18.113,phen2405_b1.csv
26,0.120,99.971,88,166,16.434,18.349,phen2405_b1.csv
27,0.172,100.980,88,166,29.651,18.575,phen2405_b1.csv
28,0.131,97.553,88,139,14.262,18.714,phen2405_b1.csv
29,0.186,98.407,88,159,10.395,18.812,phen2405_b1.csv
30,0.120,102.457,88,150,17.139,19.059,phen2405_b1.csv
31,0.179,98.904,88,164,48.707,19.332,phen2405_b1.csv
32,0.158,97.304,88,164,10.019,19.553,phen2405_b1.csv
33,0.179,99.288,88,153,29.070,19.594,phen2405_b1.csv
34,0.175,100.451,88,166,26.121,19.654,phen2405_b1.csv
35,0.213,97.468,88,162,22.417,19.722,phen2405_b1.csv
36,0.213,94.581,88,153,21.281,19.852,phen2405_b1.csv
37,0.141,95.756,88,151,9.927,20.360,phen2405_b1.csv
38,0.189,97.400,88,164,32.607,20.533,phen2405_b1.csv
39,0.158,99.804,88,164,13.333,20.742,phen2405_b1.csv
40,0.113,102.545,88,166,21.889,21.198,phen2405_b1.csv
41,0.161,101.553,88,166,37.041,21.324,phen2405_b1.csv
42,0.137,102.375,88,164,18.341,21.432,phen2405_b1.csv
43,0.182,99.453,88,151,25.851,21.513,phen2405_b1.csv
44,0.155,97.600,88,164,9.417,21.530,phen2405_b1.csv
45,0.155,97.156,88,157,10.957,21.594,phen2405_b1.csv
46,0.141,100.463,88,162,10.322,21.878,phen2405_b1.csv
47,0.168,100.245,88,163,7.694,21.982,phen2405_b1.csv
48,0.131,101.842,88,166,27.794,22.048,phen2405_b1.csv
49,0.110,101.469,88,157,13.070,22.254,phen2405_b1.csv
50,0.151,96.932,88,157,32.907,22.532,phen2405_b1.csv
51,0.161,100.085,88,164,46.082,23.632,phen2405_b1.csv
52,0.155,98.156,88,166,24.532,23.675,phen2405_b1.csv
53,0.223,98.523,88,162,25.110,24.041,phen2405_b1.csv
54,0.079,101.087,88,156,13.984,23.988,phen2405_b1.csv
55,0.120,96.600,88,150,33.424,24.729,phen2405_b1.csv
56,0.161,96.617,88,164,22.264,25.211,phen2405_b1.csv
57,0.134,101.282,88,160,38.541,25.321,phen2405_b1.csv
58,0.237,96.826,88,158,18.692,25.482,phen2405_b1.csv
59,0.189,96.491,88,166,23.146,26.062,phen2405_b1.csv
60,0.199,99.086,88,163,46.683,26.405,phen2405_b1.csv
61,0.127,94.838,88,165,36.282,26.350,phen2405_b1.csv
62,0.158,96.196,88,154,42.149,26.398,phen2405_b1.csv
63,0.192,97.589,88,156,20.000,26.663,phen2405_b1.csv
64,0.172,97.900,88,159,15.347,26.922,phen2405_b1.csv
65,0.213,100.597,88,163,37.736,27.220,phen2405_b1.csv
66,0.168,96.429,88,160,14.141,27.481,phen2405_b1.csv
67,0.151,102.295,88,164,12.828,27.567,phen2405_b1.csv
68,0.223,98.154,88,163,25.794,27.628,phen2405_b1.csv
69,0.186,97.741,88,158,41.985,27.923,phen2405_b1.csv
70,0.179,95.462,88,151,17.878,27.997,phen2405_b1.csv
71,0.268,97.346,88,160,21.188,28.217,phen2405_b1.csv
72,0.148,100.977,88,162,48.532,28.284,phen2405_b1.csv
73,0.141,93.537,88,144,12.603,28.597,phen2405_b1.csv
74,0.168,97.980,88,163,39.741,28.599,phen2405_b1.csv
75,0.175,99.843,88,165,13.296,28.951,phen2405_b1.csv
76,0.227,98.742,88,164,25.729,29.551,phen2405_b1.csv
77,0.244,94.803,88,156,32.183,29.483,phen2405_b1.csv
78,0.165,96.646,88,165,48.721,29.768,phen2405_b1.csv
79,0.148,98.209,88,166,35.708,29.767,phen2405_b1.csv
80,0.196,99.789,88,166,7.066,30.617,phen2405_b1.csv
81,0.148,96.930,88,162,47.463,31.855,phen2405_b1.csv
82,0.278,99.642,88,164,28.145,32.006,phen2405_b1.csv
83,0.144,96.500,88,151,23.095,32.483,phen2405_b1.csv
84,0.196,96.561,88,166,39.071,32.719,phen2405_b1.csv
85,0.244,97.648,88,166,19.774,32.957,phen2405_b1.csv
86,0.148,96.023,88,163,47.028,33.092,phen2405_b1.csv
87,0.158,95.304,88,158,14.547,33.786,phen2405_b1.csv
88,0.254,94.865,88,164,31.717,34.101,phen2405_b1.csv
89,0.213,97.194,88,161,12.718,34.637,phen2405_b1.csv
90,0.131,100.526,88,163,39.301,35.586,phen2405_b1.csv
91,0.210,96.328,88,162,14.294,39.360,phen2405_b1.csv
92,0.151,96.091,88,161,36.485,39.786,phen2405_b1.csv
93,0.203,100.102,88,163,20.101,48.141,phen2405_b1.csv
94,0.110,103.656,88,165,36.588,51.508,phen2405_b1.csv
95,0.223,99.338,88,162,26.800,62.530,phen2405_b1.csv
1,0.225,106.250,80,187,23.741,0.760,phen2505_b1.csv
2,0.223,105.656,83,188,33.184,3.051,phen2505_b1.csv
3,0.266,104.750,81,188,37.455,7.246,phen2505_b1.csv
4,0.294,104.920,80,188,42.564,7.565,phen2505_b1.csv
5,0.222,105.353,80,188,36.693,8.199,phen2505_b1.csv
6,0.225,106.184,82,188,38.273,9.083,phen2505_b1.csv
7,0.269,105.478,81,187,39.340,9.586,phen2505_b1.csv
8,0.227,107.448,83,187,21.836,10.303,phen2505_b1.csv
9,0.223,105.589,81,186,23.306,10.422,phen2505_b1.csv
10,0.229,107.948,84,188,37.742,10.458,phen2505_b1.csv
11,0.222,105.087,81,186,21.076,10.715,phen2505_b1.csv
12,0.226,106.373,80,188,17.728,12.111,phen2505_b1.csv
13,0.225,106.132,81,187,33.420,12.151,phen2505_b1.csv
14,0.292,105.566,82,185,36.035,12.496,phen2505_b1.csv
15,0.225,106.730,83,187,43.956,12.495,phen2505_b1.csv
16,0.227,107.461,83,188,49.533,12.485,phen2505_b1.csv
17,0.225,106.033,80,186,23.214,12.534,phen2505_b1.csv
18,0.225,105.914,81,188,24.970,12.541,phen2505_b1.csv
19,0.253,104.310,79,188,30.939,12.539,phen2505_b1.csv
20,0.227,107.175,80,187,32.893,12.650,phen2505_b1.csv
21,0.227,107.071,81,188,33.860,12.767,phen2505_b1.csv
22,0.227,107.117,81,188,48.496,13.800,phen2505_b1.csv
23,0.226,106.667,77,187,39.402,14.137,phen2505_b1.csv
24,0.258,103.674,83,188,21.622,15.024,phen2505_b1.csv
25,0.225,105.901,82,188,38.312,15.506,phen2505_b1.csv
26,0.227,107.000,80,187,25.462,15.566,phen2505_b1.csv
27,0.225,106.401,82,187,46.117,15.615,phen2505_b1.csv
28,0.229,107.716,80,187,45.471,15.842,phen2505_b1.csv
29,0.226,106.536,80,188,37.197,16.380,phen2505_b1.csv
30,0.225,106.625,80,187,33.410,16.458,phen2505_b1.csv
31,0.225,105.796,81,186,34.588,16.433,phen2505_b1.csv
32,0.225,105.875,79,188,38.488,16.565,phen2505_b1.csv
33,0.225,106.158,80,185,53.650,16.607,phen2505_b1.csv
34,0.225,106.086,81,188,47.318,16.736,phen2505_b1.csv
35,0.226,107.052,82,185,35.140,17.025,phen2505_b1.csv
36,0.226,106.444,82,188,50.544,17.178,phen2505_b1.csv
37,0.225,105.954,81,188,31.768,17.251,phen2505_b1.csv
38,0.227,107.396,81,187,26.547,17.533,phen2505_b1.csv
39,0.227,107.279,80,188,20.145,18.250,phen2505_b1.csv
40,0.223,105.517,80,186,34.048,18.754,phen2505_b1.csv
41,0.226,106.595,81,188,17.945,18.834,phen2505_b1.csv
42,0.222,104.593,81,188,44.172,19.277,phen2505_b1.csv
43,0.226,106.739,83,187,52.415,19.911,phen2505_b1.csv
44,0.264,104.363,82,188,50.126,20.480,phen2505_b1.csv
45,0.281,102.737,82,188,24.519,21.176,phen2505_b1.csv
46,0.225,106.289,83,188,32.575,21.830,phen2505_b1.csv
47,0.295,105.230,80,188,22.627,22.169,phen2505_b1.csv
48,0.251,104.629,79,187,19.170,22.195,phen2505_b1.csv
49,0.222,104.860,81,186,30.960,22.709,phen2505_b1.csv
50,0.226,106.523,81,186,20.518,22.828,phen2505_b1.csv
51,0.227,107.656,81,185,21.100,23.150,phen2505_b1.csv
52,0.269,103.434,80,186,28.993,23.229,phen2505_b1.csv
53,0.261,104.209,81,181,46.887,23.332,phen2505_b1.csv
54,0.269,104.588,78,186,44.826,23.378,phen2505_b1.csv
55,0.278,103.324,81,188,51.804,23.421,phen2505_b1.csv
56,0.260,102.705,78,188,54.027,23.943,phen2505_b1.csv
57,0.226,106.346,82,188,21.450,23.973,phen2505_b1.csv
58,0.226,106.876,80,187,18.022,24.205,phen2505_b1.csv
59,0.230,108.359,82,186,22.830,24.242,phen2505_b1.csv
60,0.227,108.000,83,188,16.907,24.317,phen2505_b1.csv
61,0.266,105.017,79,187,37.058,24.293,phen2505_b1.csv
62,0.278,105.207,80,187,47.462,25.155,phen2505_b1.csv
63,0.230,108.494,80,187,15.344,25.481,phen2505_b1.csv
64,0.229,107.671,80,186,39.579,25.515,phen2505_b1.csv
65,0.229,108.129,82,188,54.843,25.854,phen2505_b1.csv
66,0.230,108.327,79,187,22.942,25.858,phen2505_b1.csv
67,0.219,103.932,80,182,14.701,25.918,phen2505_b1.csv
68,0.276,104.128,82,187,21.695,26.131,phen2505_b1.csv
69,0.222,104.820,83,188,12.851,26.681,phen2505_b1.csv
70,0.222,104.680,79,186,45.294,26.761,phen2505_b1.csv
71,0.257,104.690,80,188,43.955,26.930,phen2505_b1.csv
72,0.225,106.171,80,186,12.435,28.323,phen2505_b1.csv
73,0.225,105.895,81,186,25.165,28.352,phen2505_b1.csv
74,0.227,106.994,80,185,19.711,28.485,phen2505_b1.csv
75,0.264,104.140,81,186,48.330,28.763,phen2505_b1.csv
76,0.270,106.596,79,188,17.667,28.980,phen2505_b1.csv
77,0.226,106.935,81,186,33.406,29.434,phen2505_b1.csv
78,0.225,106.039,81,186,39.535,29.914,phen2505_b1.csv
79,0.229,108.103,83,188,7.825,30.596,phen2505_b1.csv
80,0.226,106.588,84,188,11.256,30.636,phen2505_b1.csv
81,0.225,106.059,82,188,29.969,30.653,phen2505_b1.csv
82,0.225,106.191,80,183,21.023,31.158,phen2505_b1.csv
83,0.263,103.758,79,187,33.389,31.191,phen2505_b1.csv
84,0.225,106.039,81,188,24.517,31.694,phen2505_b1.csv
85,0.220,104.597,82,187,45.518,32.072,phen2505_b1.csv
86,0.226,106.634,81,187,43.114,33.063,phen2505_b1.csv
87,0.288,104.446,77,183,22.789,35.600,phen2505_b1.csv
88,0.229,107.942,79,187,9.299,37.964,phen2505_b1.csv
89,0.225,106.237,81,184,20.797,38.288,phen2505_b1.csv
90,0.227,107.662,79,188,14.547,39.620,phen2505_b1.csv
91,0.227,107.312,81,188,9.791,41.430,phen2505_b1.csv
92,0.291,105.112,81,188,8.061,42.687,phen2505_b1.csv
93,0.261,104.395,82,188,26.356,48.220,phen2505_b1.csv
1,0.131,94.095,85,133,12.632,2.333,phen2505_b2.csv
2,0.131,93.214,85,143,40.863,4.438,phen2505_b2.csv
3,0.137,95.795,85,145,16.877,6.843,phen2505_b2.csv
4,0.140,96.600,85,145,21.054,8.059,phen2505_b2.csv
5,0.174,91.875,85,141,15.328,8.115,phen2505_b2.csv
6,0.143,100.043,85,145,43.008,8.923,phen2505_b2.csv
7,0.146,92.170,85,137,6.610,8.961,phen2505_b2.csv
8,0.134,94.512,85,138,39.529,9.122,phen2505_b2.csv
9,0.137,97.023,85,143,37.772,9.766,phen2505_b2.csv
10,0.131,93.357,85,143,28.426,10.453,phen2505_b2.csv
11,0.134,94.721,85,140,26.161,11.069,phen2505_b2.csv
12,0.131,93.714,85,140,38.457,11.098,phen2505_b2.csv
13,0.128,91.707,85,128,26.910,12.674,phen2505_b2.csv
14,0.156,94.160,85,144,7.245,12.822,phen2505_b2.csv
15,0.134,95.186,85,145,23.938,13.911,phen2505_b2.csv
16,0.137,97.068,85,131,16.899,14.222,phen2505_b2.csv
17,0.134,94.512,85,141,26.738,14.624,phen2505_b2.csv
18,0.168,98.796,85,144,30.144,14.884,phen2505_b2.csv
19,0.134,94.698,85,135,38.727,15.303,phen2505_b2.csv
20,0.131,94.405,85,142,39.956,15.487,phen2505_b2.csv
21,0.159,95.039,85,142,14.014,16.351,phen2505_b2.csv
22,0.131,93.595,85,135,30.601,16.484,phen2505_b2.csv
23,0.128,92.073,85,124,28.192,16.996,phen2505_b2.csv
24,0.152,96.673,88,135,36.297,17.229,phen2505_b2.csv
25,0.131,93.357,85,136,42.749,17.243,phen2505_b2.csv
26,0.131,95.857,85,143,11.729,17.507,phen2505_b2.csv
27,0.149,91.375,85,138,24.367,17.533,phen2505_b2.csv
28,0.137,96.432,85,142,39.893,17.546,phen2505_b2.csv
29,0.137,97.205,85,143,16.466,18.004,phen2505_b2.csv
30,0.152,95.939,88,145,36.609,18.092,phen2505_b2.csv
31,0.180,96.759,85,145,44.601,18.307,phen2505_b2.csv
32,0.137,98.341,88,145,36.391,18.683,phen2505_b2.csv
33,0.128,95.780,88,134,38.128,18.831,phen2505_b2.csv
34,0.137,96.000,85,145,13.081,18.882,phen2505_b2.csv
35,0.131,93.619,85,137,25.515,19.195,phen2505_b2.csv
36,0.137,96.273,85,142,17.535,19.568,phen2505_b2.csv
37,0.131,93.262,85,137,25.185,19.704,phen2505_b2.csv
38,0.137,96.432,85,129,27.607,19.855,phen2505_b2.csv
39,0.168,92.037,85,140,24.490,20.028,phen2505_b2.csv
40,0.131,96.262,88,134,39.012,20.254,phen2505_b2.csv
41,0.143,101.609,88,144,37.367,20.404,phen2505_b2.csv
42,0.131,97.619,88,142,38.398,20.514,phen2505_b2.csv
43,0.180,95.397,85,142,9.718,21.261,phen2505_b2.csv
44,0.137,96.318,85,139,19.081,21.616,phen2505_b2.csv
45,0.134,95.326,85,145,27.388,21.668,phen2505_b2.csv
46,0.140,97.333,85,144,11.776,21.880,phen2505_b2.csv
47,0.134,94.907,85,137,42.158,22.338,phen2505_b2.csv
48,0.143,98.804,85,141,42.715,22.804,phen2505_b2.csv
49,0.143,99.196,85,145,5.758,22.929,phen2505_b2.csv
50,0.121,92.231,85,142,44.955,23.057,phen2505_b2.csv
51,0.149,95.562,88,141,37.436,23.284,phen2505_b2.csv
52,0.134,94.953,85,141,9.285,23.587,phen2505_b2.csv
53,0.152,91.980,85,144,6.793,23.678,phen2505_b2.csv
54,0.134,94.163,85,138,10.631,23.891,phen2505_b2.csv
55,0.162,94.692,85,136,30.172,23.982,phen2505_b2.csv
56,0.146,91.426,85,144,3.768,24.096,phen2505_b2.csv
57,0.134,94.116,85,143,23.068,24.226,phen2505_b2.csv
58,0.131,96.643,88,139,35.573,24.344,phen2505_b2.csv
59,0.137,95.500,85,142,15.958,24.451,phen2505_b2.csv
60,0.159,95.941,85,145,17.837,24.921,phen2505_b2.csv
61,0.152,91.592,85,139,22.465,25.010,phen2505_b2.csv
62,0.137,96.773,85,144,16.676,25.171,phen2505_b2.csv
63,0.131,96.357,88,140,36.944,25.414,phen2505_b2.csv
64,0.152,89.694,85,131,24.558,25.459,phen2505_b2.csv
65,0.134,96.837,85,145,3.858,25.692,phen2505_b2.csv
66,0.131,93.762,85,141,22.931,25.794,phen2505_b2.csv
67,0.140,97.489,85,141,5.916,26.026,phen2505_b2.csv
68,0.131,93.810,85,144,18.938,26.062,phen2505_b2.csv
69,0.174,94.196,85,140,7.259,26.399,phen2505_b2.csv
70,0.137,95.773,85,138,43.590,26.595,phen2505_b2.csv
71,0.162,95.173,85,140,27.377,26.645,phen2505_b2.csv
72,0.131,93.524,85,144,21.510,26.802,phen2505_b2.csv
73,0.140,98.111,85,143,18.813,26.890,phen2505_b2.csv
74,0.134,94.837,85,144,32.270,26.959,phen2505_b2.csv
75,0.134,94.488,85,145,25.801,27.028,phen2505_b2.csv
76,0.140,96.756,85,144,6.187,27.471,phen2505_b2.csv
77,0.134,95.000,85,141,11.956,27.517,phen2505_b2.csv
78,0.128,92.171,85,125,16.048,27.579,phen2505_b2.csv
79,0.168,100.593,88,145,36.502,27.614,phen2505_b2.csv
80,0.134,95.256,85,145,28.989,27.686,phen2505_b2.csv
81,0.134,95.070,85,142,6.724,27.954,phen2505_b2.csv
82,0.128,91.829,85,124,44.185,28.081,phen2505_b2.csv
83,0.137,96.477,85,141,27.751,28.436,phen2505_b2.csv
84,0.140,96.578,85,142,19.938,28.471,phen2505_b2.csv
85,0.168,96.130,85,145,18.398,28.939,phen2505_b2.csv
86,0.140,99.644,88,145,39.135,29.653,phen2505_b2.csv
87,0.165,94.868,85,145,14.143,29.841,phen2505_b2.csv
88,0.137,96.977,85,144,12.485,30.530,phen2505_b2.csv
89,0.134,97.488,88,143,36.732,30.974,phen2505_b2.csv
90,0.174,99.571,88,143,34.452,31.182,phen2505_b2.csv
91,0.134,94.907,85,145,18.984,31.378,phen2505_b2.csv
92,0.131,92.905,85,139,8.895,31.613,phen2505_b2.csv
93,0.137,95.886,85,134,21.026,31.929,phen2505_b2.csv
94,0.131,93.286,85,139,26.181,32.999,phen2505_b2.csv
95,0.134,94.326,85,137,8.657,33.264,phen2505_b2.csv
96,0.131,93.619,85,137,9.226,33.591,phen2505_b2.csv
97,0.134,95.000,85,144,10.458,34.239,phen2505_b2.csv
98,0.131,96.619,88,141,32.189,35.052,phen2505_b2.csv
99,0.131,93.548,85,138,13.089,35.996,phen2505_b2.csv
100,0.159,96.392,88,138,34.351,36.305,phen2505_b2.csv
101,0.131,93.333,85,139,15.202,37.049,phen2505_b2.csv
102,0.168,91.222,85,142,7.250,38.566,phen2505_b2.csv
103,0.134,93.930,85,144,26.806,38.900,phen2505_b2.csv
104,0.165,95.189,85,142,14.721,43.003,phen2505_b2.csv
105,0.159,95.039,85,141,34.594,43.679,phen2505_b2.csv
106,0.159,255.000,255,255,15.743,54.276,phen2505_b2.csv
1,0.055,132.706,6,224,20.655,2.989,phen2605_b1.csv
2,0.055,124.176,2,224,40.530,3.019,phen2605_b1.csv
3,0.045,141.500,33,226,23.291,3.570,phen2605_b1.csv
4,0.062,147.474,23,226,22.164,4.375,phen2605_b1.csv
5,0.055,119.588,5,217,32.533,4.662,phen2605_b1.csv
6,0.052,120.250,2,226,41.280,6.637,phen2605_b1.csv
7,0.058,135.333,21,222,38.530,7.210,phen2605_b1.csv
8,0.042,126.923,38,197,18.552,7.780,phen2605_b1.csv
9,0.039,105.583,0,197,9.015,7.913,phen2605_b1.csv
10,0.045,110.214,0,225,12.393,8.586,phen2605_b1.csv
11,0.055,106.059,3,223,42.189,9.527,phen2605_b1.csv
12,0.039,152.250,59,222,10.696,9.746,phen2605_b1.csv
13,0.042,87.154,2,193,25.905,9.867,phen2605_b1.csv
14,0.045,99.857,5,212,25.136,10.459,phen2605_b1.csv
15,0.052,91.312,0,226,11.976,10.630,phen2605_b1.csv
16,0.104,111.438,1,225,37.837,11.964,phen2605_b1.csv
17,0.055,111.176,0,222,37.415,11.840,phen2605_b1.csv
18,0.062,97.211,0,221,40.739,12.775,phen2605_b1.csv
19,0.058,118.333,12,222,29.230,12.802,phen2605_b1.csv
20,0.058,78.889,0,222,38.238,13.502,phen2605_b1.csv
21,0.065,115.900,0,224,39.846,14.115,phen2605_b1.csv
22,0.055,93.176,0,217,7.462,14.271,phen2605_b1.csv
23,0.065,122.000,0,223,44.774,14.634,phen2605_b1.csv
24,0.055,92.471,0,197,36.168,15.455,phen2605_b1.csv
25,0.052,101.188,0,205,35.605,15.599,phen2605_b1.csv
26,0.052,91.812,0,225,15.809,15.781,phen2605_b1.csv
27,0.068,123.714,1,208,36.753,15.711,phen2605_b1.csv
28,0.055,108.118,0,222,20.557,16.534,phen2605_b1.csv
29,0.052,82.188,0,223,43.485,17.053,phen2605_b1.csv
30,0.042,99.769,1,214,14.835,17.123,phen2605_b1.csv
31,0.042,103.692,1,212,17.540,17.268,phen2605_b1.csv
32,0.055,116.471,1,222,40.308,17.429,phen2605_b1.csv
33,0.058,105.333,0,219,8.420,17.650,phen2605_b1.csv
34,0.052,72.312,0,224,23.753,18.542,phen2605_b1.csv
35,0.058,88.056,0,205,39.749,18.559,phen2605_b1.csv
36,0.045,114.857,0,210,3.794,18.622,phen2605_b1.csv
37,0.042,131.923,39,225,11.941,19.140,phen2605_b1.csv
38,0.049,108.533,0,226,16.865,19.126,phen2605_b1.csv
39,0.065,110.400,6,224,36.318,19.387,phen2605_b1.csv
40,0.049,108.400,0,226,5.968,19.419,phen2605_b1.csv
41,0.049,94.333,1,224,17.067,19.825,phen2605_b1.csv
42,0.055,90.059,0,218,10.774,19.997,phen2605_b1.csv
43,0.045,110.000,1,221,15.597,20.136,phen2605_b1.csv
44,0.062,135.842,2,220,43.655,20.181,phen2605_b1.csv
45,0.065,103.200,0,218,29.122,20.299,phen2605_b1.csv
46,0.062,106.632,0,216,16.882,20.589,phen2605_b1.csv
47,0.049,108.200,0,221,25.502,20.582,phen2605_b1.csv
48,0.042,89.462,1,207,13.537,20.775,phen2605_b1.csv
49,0.058,110.611,1,223,38.419,20.880,phen2605_b1.csv
50,0.055,99.824,0,226,20.477,21.359,phen2605_b1.csv
51,0.058,124.111,0,222,3.920,21.551,phen2605_b1.csv
52,0.052,104.625,0,220,30.807,21.773,phen2605_b1.csv
53,0.055,127.235,0,225,37.599,21.969,phen2605_b1.csv
54,0.055,92.706,1,204,9.922,22.277,phen2605_b1.csv
55,0.055,97.647,1,195,45.123,22.623,phen2605_b1.csv
56,0.045,80.214,0,209,17.588,23.006,phen2605_b1.csv
57,0.065,94.200,0,217,26.783,23.235,phen2605_b1.csv
58,0.058,111.167,0,224,25.079,23.597,phen2605_b1.csv
59,0.062,111.368,0,209,34.626,24.081,phen2605_b1.csv
60,0.062,102.421,0,219,12.112,24.186,phen2605_b1.csv
61,0.052,86.438,0,215,22.279,24.213,phen2605_b1.csv
62,0.055,102.529,1,207,28.835,26.321,phen2605_b1.csv
63,0.058,81.111,0,225,17.099,27.615,phen2605_b1.csv
64,0.068,106.000,0,226,41.910,27.973,phen2605_b1.csv
65,0.071,124.227,0,226,32.727,28.377,phen2605_b1.csv
66,0.062,93.842,0,225,17.188,36.197,phen2605_b1.csv
67,0.084,126.077,0,226,31.451,60.215,phen2605_b1.csv
68,0.058,110.611,0,214,25.506,64.416,phen2605_b1.csv
69,0.075,112.957,0,225,34.645,74.709,phen2605_b1.csv
70,0.052,97.562,0,221,28.178,74.737,phen2605_b1.csv
1,0.018,75.429,17,126,13.048,1.499,phen2605_b2.csv
2,0.020,28.250,6,91,32.231,3.128,phen2605_b2.csv
3,0.018,37.714,6,97,23.044,3.377,phen2605_b2.csv
4,0.028,54.909,7,124,25.773,5.233,phen2605_b2.csv
5,0.015,85.333,47,122,45.225,5.865,phen2605_b2.csv
6,0.015,36.500,9,111,22.465,6.227,phen2605_b2.csv
7,0.041,20.688,2,119,44.052,6.380,phen2605_b2.csv
8,0.041,33.750,0,109,44.684,6.471,phen2605_b2.csv
9,0.026,66.400,4,118,14.864,7.230,phen2605_b2.csv
10,0.015,54.333,6,132,12.370,8.536,phen2605_b2.csv
11,0.023,17.556,1,77,35.703,9.092,phen2605_b2.csv
12,0.013,99.600,54,118,2.553,9.247,phen2605_b2.csv
13,0.023,42.222,3,128,19.530,9.244,phen2605_b2.csv
14,0.023,64.444,23,118,14.036,9.615,phen2605_b2.csv
15,0.028,52.818,1,120,10.059,9.668,phen2605_b2.csv
16,0.020,12.000,1,55,27.061,12.975,phen2605_b2.csv
17,0.028,44.727,2,130,18.893,13.322,phen2605_b2.csv
18,0.031,47.000,0,134,28.060,13.272,phen2605_b2.csv
19,0.026,40.200,0,128,10.804,13.747,phen2605_b2.csv
20,0.026,38.700,5,124,25.861,13.838,phen2605_b2.csv
21,0.038,41.200,0,133,40.698,14.394,phen2605_b2.csv
22,0.020,89.500,40,129,8.633,14.883,phen2605_b2.csv
23,0.023,51.556,9,133,29.057,15.007,phen2605_b2.csv
24,0.020,33.250,9,77,12.393,15.142,phen2605_b2.csv
25,0.026,34.300,8,126,9.262,15.446,phen2605_b2.csv
26,0.026,52.100,6,129,9.854,15.461,phen2605_b2.csv
27,0.023,23.333,2,130,13.614,15.519,phen2605_b2.csv
28,0.023,7.444,1,40,23.355,16.474,phen2605_b2.csv
29,0.020,64.750,21,134,8.045,16.842,phen2605_b2.csv
30,0.026,57.800,3,133,9.495,17.160,phen2605_b2.csv
31,0.092,27.056,0,100,44.848,17.277,phen2605_b2.csv
32,0.020,37.000,3,128,14.801,17.310,phen2605_b2.csv
33,0.020,38.875,5,131,19.566,17.367,phen2605_b2.csv
34,0.018,32.714,1,108,22.415,17.648,phen2605_b2.csv
35,0.026,29.800,1,92,28.651,18.009,phen2605_b2.csv
36,0.041,27.188,3,133,44.359,18.122,phen2605_b2.csv
37,0.038,33.133,1,125,36.758,18.186,phen2605_b2.csv
38,0.023,40.000,5,122,36.107,18.198,phen2605_b2.csv
39,0.026,46.400,0,134,16.492,18.272,phen2605_b2.csv
40,0.023,20.333,1,117,7.901,18.445,phen2605_b2.csv
41,0.023,25.333,0,117,4.508,18.597,phen2605_b2.csv
42,0.026,50.600,2,132,22.382,18.686,phen2605_b2.csv
43,0.031,39.917,1,129,23.029,18.972,phen2605_b2.csv
44,0.043,16.235,0,114,43.711,19.136,phen2605_b2.csv
45,0.018,78.286,17,131,7.732,19.534,phen2605_b2.csv
46,0.023,55.556,1,106,20.597,19.580,phen2605_b2.csv
47,0.033,33.769,1,133,35.128,19.786,phen2605_b2.csv
48,0.023,65.556,4,129,16.805,19.934,phen2605_b2.csv
49,0.043,16.824,0,121,43.431,20.153,phen2605_b2.csv
50,0.026,48.500,5,132,30.734,20.532,phen2605_b2.csv
51,0.028,23.818,1,132,23.415,20.943,phen2605_b2.csv
52,0.031,35.000,1,111,19.039,21.095,phen2605_b2.csv
53,0.020,42.000,5,129,15.629,21.481,phen2605_b2.csv
54,0.026,20.600,5,65,21.765,21.523,phen2605_b2.csv
55,0.031,33.833,3,101,34.734,21.778,phen2605_b2.csv
56,0.031,67.750,1,129,32.488,22.006,phen2605_b2.csv
57,0.033,28.846,0,131,39.819,22.088,phen2605_b2.csv
58,0.026,39.700,9,118,18.975,22.898,phen2605_b2.csv
59,0.023,39.889,1,122,16.569,23.316,phen2605_b2.csv
60,0.020,57.000,8,133,13.619,23.491,phen2605_b2.csv
61,0.020,39.375,2,130,7.862,23.611,phen2605_b2.csv
62,0.023,31.333,4,92,21.024,23.788,phen2605_b2.csv
63,0.041,7.938,0,79,38.437,23.794,phen2605_b2.csv
64,0.046,15.944,0,133,39.506,23.869,phen2605_b2.csv
65,0.026,19.300,2,54,28.869,23.864,phen2605_b2.csv
66,0.023,22.222,0,119,15.912,24.035,phen2605_b2.csv
67,0.036,47.357,3,131,32.895,24.087,phen2605_b2.csv
68,0.033,31.615,0,134,28.567,24.274,phen2605_b2.csv
69,0.015,36.167,4,113,3.885,24.445,phen2605_b2.csv
70,0.020,37.250,7,115,18.511,24.666,phen2605_b2.csv
71,0.031,30.333,2,116,7.950,25.187,phen2605_b2.csv
72,0.020,4.500,0,15,26.512,25.595,phen2605_b2.csv
73,0.023,47.000,4,133,6.508,26.007,phen2605_b2.csv
74,0.028,30.455,3,111,15.721,27.603,phen2605_b2.csv
75,0.026,29.900,2,134,15.526,27.676,phen2605_b2.csv
76,0.023,37.778,15,114,7.733,29.765,phen2605_b2.csv
77,0.041,52.750,3,134,27.605,33.849,phen2605_b2.csv
78,0.018,21.714,3,79,5.933,40.703,phen2605_b2.csv
79,0.092,255.000,255,255,44.747,16.165,phen2605_b2.csv
1,0.024,42.545,4,121,41.478,3.156,phen2705_b1.csv
2,0.028,44.231,4,104,11.751,5.325,phen2705_b1.csv
3,0.024,63.182,18,123,24.734,5.391,phen2705_b1.csv
4,0.030,51.571,11,111,8.778,6.846,phen2705_b1.csv
5,0.033,46.600,4,115,4.149,7.474,phen2705_b1.csv
6,0.033,69.467,22,124,43.702,7.735,phen2705_b1.csv
7,0.035,45.312,4,109,6.546,7.853,phen2705_b1.csv
8,0.020,79.222,30,121,41.330,8.685,phen2705_b1.csv
9,0.028,56.231,20,99,16.269,8.918,phen2705_b1.csv
10,0.026,41.000,2,112,7.451,11.037,phen2705_b1.csv
11,0.026,49.083,11,123,37.864,11.118,phen2705_b1.csv
12,0.030,48.786,5,124,22.406,12.211,phen2705_b1.csv
13,0.024,66.545,35,116,7.792,12.377,phen2705_b1.csv
14,0.024,49.545,17,94,7.944,12.766,phen2705_b1.csv
15,0.030,63.857,11,122,7.025,12.953,phen2705_b1.csv
16,0.026,37.583,2,100,22.679,13.225,phen2705_b1.csv
17,0.033,67.467,23,108,36.496,13.954,phen2705_b1.csv
18,0.028,56.692,14,116,3.136,14.689,phen2705_b1.csv
19,0.033,52.733,8,114,3.209,15.118,phen2705_b1.csv
20,0.024,36.273,2,98,14.510,15.251,phen2705_b1.csv
21,0.028,63.000,6,121,7.388,15.559,phen2705_b1.csv
22,0.030,48.286,7,109,36.290,15.727,phen2705_b1.csv
23,0.022,46.600,20,94,35.183,16.299,phen2705_b1.csv
24,0.028,51.308,6,96,7.195,16.509,phen2705_b1.csv
25,0.039,58.611,20,116,16.625,16.648,phen2705_b1.csv
26,0.028,57.154,20,119,8.080,16.648,phen2705_b1.csv
27,0.030,62.000,21,124,38.516,16.991,phen2705_b1.csv
28,0.024,73.091,19,124,7.830,17.067,phen2705_b1.csv
29,0.035,54.188,1,125,34.586,17.131,phen2705_b1.csv
30,0.028,60.923,7,109,9.101,17.375,phen2705_b1.csv
31,0.028,43.923,4,109,23.802,17.615,phen2705_b1.csv
32,0.069,47.469,4,125,12.176,17.852,phen2705_b1.csv
33,0.063,33.862,0,123,12.737,17.906,phen2705_b1.csv
34,0.030,34.643,9,92,17.992,17.995,phen2705_b1.csv
35,0.035,55.625,9,124,3.522,18.438,phen2705_b1.csv
36,0.033,53.733,6,121,19.293,18.483,phen2705_b1.csv
37,0.030,53.571,5,125,26.458,18.574,phen2705_b1.csv
38,0.030,36.857,3,103,32.255,18.594,phen2705_b1.csv
39,0.035,63.938,18,108,2.826,18.604,phen2705_b1.csv
40,0.028,41.846,2,113,14.646,18.679,phen2705_b1.csv
41,0.020,26.111,5,84,30.759,18.884,phen2705_b1.csv
42,0.033,43.000,4,113,4.441,19.160,phen2705_b1.csv
43,0.106,30.694,0,116,20.859,19.240,phen2705_b1.csv
44,0.065,38.333,2,116,20.360,19.261,phen2705_b1.csv
45,0.039,60.111,8,111,23.965,19.204,phen2705_b1.csv
46,0.033,49.267,2,124,30.296,19.172,phen2705_b1.csv
47,0.030,58.857,10,100,40.631,19.931,phen2705_b1.csv
48,0.028,56.154,4,119,25.987,20.195,phen2705_b1.csv
49,0.037,46.235,7,116,31.156,20.297,phen2705_b1.csv
50,0.028,46.846,2,90,29.036,20.420,phen2705_b1.csv
51,0.026,73.750,22,125,26.792,20.603,phen2705_b1.csv
52,0.030,45.357,8,103,41.103,20.603,phen2705_b1.csv
53,0.024,53.182,6,96,42.553,20.649,phen2705_b1.csv
54,0.037,43.118,5,118,27.376,20.823,phen2705_b1.csv
55,0.037,54.235,2,120,22.472,20.894,phen2705_b1.csv
56,0.030,40.500,2,97,13.179,20.949,phen2705_b1.csv
57,0.030,70.571,29,120,4.687,21.122,phen2705_b1.csv
58,0.030,49.571,5,122,32.006,21.142,phen2705_b1.csv
59,0.030,58.714,5,122,9.380,21.232,phen2705_b1.csv
60,0.030,72.143,20,122,6.456,21.960,phen2705_b1.csv
61,0.030,33.143,4,102,34.028,22.007,phen2705_b1.csv
62,0.035,44.312,4,106,19.288,22.533,phen2705_b1.csv
63,0.037,50.647,7,124,6.863,22.793,phen2705_b1.csv
64,0.030,41.714,8,117,39.161,22.759,phen2705_b1.csv
65,0.037,64.824,14,117,38.105,22.938,phen2705_b1.csv
66,0.035,49.312,7,110,23.951,23.127,phen2705_b1.csv
67,0.026,46.083,2,124,35.206,23.168,phen2705_b1.csv
68,0.033,52.400,4,117,37.446,23.503,phen2705_b1.csv
69,0.028,28.923,2,87,41.609,24.006,phen2705_b1.csv
70,0.026,51.667,17,125,21.604,24.375,phen2705_b1.csv
71,0.039,48.611,2,109,32.445,24.800,phen2705_b1.csv
72,0.026,40.083,1,107,9.127,24.868,phen2705_b1.csv
73,0.037,55.118,4,101,33.772,24.938,phen2705_b1.csv
74,0.028,61.538,35,108,42.720,24.905,phen2705_b1.csv
75,0.037,52.706,4,123,7.745,25.159,phen2705_b1.csv
76,0.035,56.625,7,118,15.982,25.421,phen2705_b1.csv
77,0.030,44.429,7,89,39.613,25.353,phen2705_b1.csv
78,0.037,55.706,3,120,12.238,25.809,phen2705_b1.csv
79,0.033,42.200,1,116,34.686,25.816,phen2705_b1.csv
80,0.033,40.200,2,123,23.575,25.978,phen2705_b1.csv
81,0.033,42.267,4,116,12.600,25.990,phen2705_b1.csv
82,0.037,62.824,5,123,10.049,26.217,phen2705_b1.csv
83,0.033,173.133,6,254,44.363,26.220,phen2705_b1.csv
84,0.033,36.800,4,116,19.598,26.331,phen2705_b1.csv
85,0.026,37.750,2,89,7.397,27.270,phen2705_b1.csv
86,0.035,50.562,2,119,34.135,27.592,phen2705_b1.csv
87,0.028,30.385,2,89,24.572,28.344,phen2705_b1.csv
88,0.033,41.133,1,95,34.469,28.498,phen2705_b1.csv
89,0.035,33.625,1,123,25.031,28.794,phen2705_b1.csv
90,0.039,45.056,3,118,14.317,29.149,phen2705_b1.csv
91,0.041,39.263,2,119,16.754,32.634,phen2705_b1.csv
92,0.037,47.765,0,118,24.757,33.391,phen2705_b1.csv
93,0.035,39.625,2,96,32.921,35.951,phen2705_b1.csv
94,0.035,38.812,0,111,37.080,42.162,phen2705_b1.csv
95,0.035,52.812,5,124,19.390,73.078,phen2705_b1.csv
96,0.028,255.000,255,255,44.396,23.881,phen2705_b1.csv
1,0.009,79.667,47,137,44.990,2.784,phen2705_b2.csv
2,0.034,25.917,0,158,5.358,3.010,phen2705_b2.csv
3,0.026,18.000,0,127,7.627,3.056,phen2705_b2.csv
4,0.063,15.045,0,140,44.074,6.342,phen2705_b2.csv
5,0.037,12.538,0,111,12.673,6.857,phen2705_b2.csv
6,0.040,4.929,0,44,23.394,8.553,phen2705_b2.csv
7,0.028,5.700,0,27,2.748,9.658,phen2705_b2.csv
8,0.046,7.562,0,37,18.302,9.951,phen2705_b2.csv
9,0.043,23.133,0,121,11.061,10.915,phen2705_b2.csv
10,0.051,8.778,0,47,20.421,12.130,phen2705_b2.csv
11,0.043,28.733,0,154,13.171,12.858,phen2705_b2.csv
12,0.046,10.875,0,113,20.206,13.079,phen2705_b2.csv
13,0.051,11.389,0,103,29.765,14.095,phen2705_b2.csv
14,0.046,12.000,0,66,15.474,15.180,phen2705_b2.csv
15,0.043,23.333,0,110,10.986,15.198,phen2705_b2.csv
16,0.040,38.071,0,148,19.217,15.291,phen2705_b2.csv
17,0.057,24.400,0,119,28.859,15.343,phen2705_b2.csv
18,0.040,22.571,0,154,20.394,15.512,phen2705_b2.csv
19,0.057,15.400,0,139,36.924,16.029,phen2705_b2.csv
20,0.060,20.000,0,118,31.546,16.095,phen2705_b2.csv
21,0.057,15.050,0,158,35.675,16.504,phen2705_b2.csv
22,0.051,10.389,0,63,33.755,16.929,phen2705_b2.csv
23,0.031,60.636,1,152,23.577,17.014,phen2705_b2.csv
24,0.048,21.941,0,91,14.750,17.145,phen2705_b2.csv
25,0.037,13.000,0,79,20.180,17.105,phen2705_b2.csv
26,0.043,23.733,0,147,43.172,17.293,phen2705_b2.csv
27,0.048,14.118,0,147,27.946,17.585,phen2705_b2.csv
28,0.046,13.562,0,68,31.381,17.778,phen2705_b2.csv
29,0.057,16.050,0,81,32.911,17.840,phen2705_b2.csv
30,0.046,16.250,0,159,12.573,17.875,phen2705_b2.csv
31,0.034,24.000,0,140,4.313,17.937,phen2705_b2.csv
32,0.051,9.167,0,80,22.405,18.017,phen2705_b2.csv
33,0.051,24.333,0,155,28.333,18.083,phen2705_b2.csv
34,0.057,22.600,0,130,35.366,18.048,phen2705_b2.csv
35,0.046,13.188,0,133,11.018,18.532,phen2705_b2.csv
36,0.048,10.765,0,88,13.002,18.470,phen2705_b2.csv
37,0.046,12.688,0,81,36.887,18.542,phen2705_b2.csv
38,0.048,19.294,0,158,17.745,18.790,phen2705_b2.csv
39,0.046,18.312,0,141,4.349,19.102,phen2705_b2.csv
40,0.048,18.588,0,132,16.122,19.757,phen2705_b2.csv
41,0.063,15.727,0,85,21.402,19.995,phen2705_b2.csv
42,0.060,15.571,0,145,37.416,20.023,phen2705_b2.csv
43,0.048,7.235,0,78,45.077,19.998,phen2705_b2.csv
44,0.054,15.368,0,133,24.937,20.199,phen2705_b2.csv
45,0.046,20.375,2,156,5.869,20.396,phen2705_b2.csv
46,0.046,14.688,0,129,37.388,20.433,phen2705_b2.csv
47,0.028,27.700,0,132,11.002,20.468,phen2705_b2.csv
48,0.051,12.444,0,120,15.290,20.632,phen2705_b2.csv
49,0.003,142.000,142,142,15.127,20.516,phen2705_b2.csv
50,0.051,6.667,0,91,33.746,20.667,phen2705_b2.csv
51,0.046,2.188,0,12,16.558,20.846,phen2705_b2.csv
52,0.054,19.105,0,84,21.291,20.870,phen2705_b2.csv
53,0.060,7.905,0,67,41.593,21.111,phen2705_b2.csv
54,0.037,16.538,0,89,45.915,21.744,phen2705_b2.csv
55,0.054,7.632,0,39,34.976,21.797,phen2705_b2.csv
56,0.046,24.562,0,130,46.132,21.874,phen2705_b2.csv
57,0.051,23.944,0,157,21.738,22.001,phen2705_b2.csv
58,0.054,20.158,0,132,19.458,22.019,phen2705_b2.csv
59,0.065,13.652,0,151,28.576,22.066,phen2705_b2.csv
60,0.065,15.304,0,124,43.906,22.205,phen2705_b2.csv
61,0.048,9.765,0,80,14.562,22.359,phen2705_b2.csv
62,0.051,11.000,0,153,39.186,22.535,phen2705_b2.csv
63,0.054,18.053,0,157,27.102,22.594,phen2705_b2.csv
64,0.111,11.692,0,127,24.443,22.696,phen2705_b2.csv
65,0.054,23.474,0,149,33.190,22.631,phen2705_b2.csv
66,0.065,24.696,0,122,20.495,22.683,phen2705_b2.csv
67,0.054,6.895,0,53,33.735,22.659,phen2705_b2.csv
68,0.054,21.368,0,151,41.711,22.684,phen2705_b2.csv
69,0.054,15.368,0,136,25.102,22.926,phen2705_b2.csv
70,0.057,19.050,0,106,28.910,23.136,phen2705_b2.csv
71,0.065,21.130,0,143,40.612,23.180,phen2705_b2.csv
72,0.037,7.923,0,79,17.635,23.611,phen2705_b2.csv
73,0.040,16.357,1,52,7.939,23.691,phen2705_b2.csv
74,0.048,23.235,0,104,9.007,23.809,phen2705_b2.csv
75,0.077,28.111,0,137,28.979,23.823,phen2705_b2.csv
76,0.043,15.267,0,136,17.201,24.355,phen2705_b2.csv
77,0.063,20.909,0,155,21.513,24.297,phen2705_b2.csv
78,0.068,17.167,0,158,41.831,24.329,phen2705_b2.csv
79,0.057,30.500,0,136,6.352,24.932,phen2705_b2.csv
80,0.046,22.688,0,133,15.894,24.988,phen2705_b2.csv
81,0.063,12.273,0,109,37.387,25.202,phen2705_b2.csv
82,0.051,16.167,0,102,13.927,25.366,phen2705_b2.csv
83,0.051,6.944,0,74,5.256,25.526,phen2705_b2.csv
84,0.048,6.412,0,76,23.074,25.981,phen2705_b2.csv
85,0.054,13.421,0,102,39.279,25.984,phen2705_b2.csv
86,0.046,8.688,0,87,8.704,26.182,phen2705_b2.csv
87,0.040,22.857,0,100,3.876,26.938,phen2705_b2.csv
88,0.037,15.846,0,117,9.923,26.911,phen2705_b2.csv
89,0.054,15.053,0,144,32.716,27.051,phen2705_b2.csv
90,0.063,19.818,0,144,6.296,27.213,phen2705_b2.csv
91,0.060,9.714,0,90,18.123,27.514,phen2705_b2.csv
92,0.054,10.842,0,126,24.518,27.560,phen2705_b2.csv
93,0.051,5.333,0,43,30.139,27.690,phen2705_b2.csv
94,0.122,13.860,0,83,40.645,28.309,phen2705_b2.csv
95,0.077,14.667,0,148,45.850,28.307,phen2705_b2.csv
96,0.068,14.750,0,137,43.934,28.911,phen2705_b2.csv
97,0.060,19.333,0,145,8.612,29.359,phen2705_b2.csv
98,0.057,8.150,0,111,25.401,29.398,phen2705_b2.csv
99,0.054,23.158,0,149,20.314,29.590,phen2705_b2.csv
100,0.057,15.050,0,135,30.905,29.787,phen2705_b2.csv
101,0.054,13.000,0,90,36.493,30.640,phen2705_b2.csv
102,0.065,32.652,0,142,38.781,31.503,phen2705_b2.csv
103,0.051,5.667,0,38,6.536,32.015,phen2705_b2.csv
104,0.046,9.625,0,76,13.436,31.965,phen2705_b2.csv
105,0.065,9.870,0,98,25.386,32.559,phen2705_b2.csv
106,0.051,27.667,0,159,29.543,32.614,phen2705_b2.csv
107,0.051,7.722,0,66,33.109,33.776,phen2705_b2.csv
108,0.063,43.227,0,151,31.889,33.929,phen2705_b2.csv
109,0.063,18.136,0,156,39.927,34.237,phen2705_b2.csv
110,0.054,10.579,0,82,34.106,34.990,phen2705_b2.csv
111,0.043,7.067,0,33,9.283,35.382,phen2705_b2.csv
112,0.060,11.000,0,82,36.099,40.785,phen2705_b2.csv
113,0.037,12.692,0,118,7.382,43.793,phen2705_b2.csv
114,0.014,65.200,10,117,0.283,50.653,phen2705_b2.csv
115,0.026,106.000,55,160,42.138,51.031,phen2705_b2.csv
116,0.111,60.179,0,158,19.991,79.614,phen2705_b2.csv
